,True,False
True,0.5012262653770049,0.4088582066134448
False,0.5935278027197259,0.5012260315584278
