,True,False
True,0.5012258212360251,0.5012258212360251
False,0.5012258212360251,0.5012258212360251
