,True,False
True,0.5032720211332986,0.2592428768663447
False,0.743915593945408,0.5012262653770049
