,True,False
True,0.5012271082328856,0.5684086513499698
False,0.4340116945713354,0.5012286109443814
