,scale,auto
scale,0.5012258212360251,0.29966823084149663
auto,0.7024636410980457,0.5012257978735501
