,True,False
True,0.5013465717117018,0.4608078000501168
False,0.5418854780681108,0.5013612078788884
