,True,False
True,0.5016099661840902,0.4526397025813976
False,0.5496041565475414,0.5008141488367257
