,scale,auto
scale,0.5012258212360251,0.2212238517714909
auto,0.7805969845064722,0.5012258212360251
