,linear,poly,rbf,sigmoid,precomputed
linear,0.5012271316703645,0.3446394622681296,0.9992947712114626,0.17715255714200645,
poly,0.6576232265603111,0.5012271551091864,0.999865888669899,0.2877155413194541,
rbf,0.0007203832293804415,0.00013735149047404662,0.5012258212360251,1.9364812873877963e-05,
sigmoid,0.8244417207267558,0.7143797577624186,0.9999811447058531,0.5012286344680718,
precomputed,,0.0,0.0,0.0,0.0
