,True,False
True,0.5012258913314654,0.6642130246446213
False,0.33803056134469245,0.5012258212360251
