,True,False
True,0.5012266163558358,0.31023987733296693
False,0.6919276362540421,0.5012277649903696
