,True,False
True,0.5012262653770049,0.7275134475056327
False,0.2745315562261308,0.5012258212360251
