,True,False
True,0.5012271082328856,0.4304018816663546
False,0.5720139121029869,0.5012277649903696
