,True,False
True,0.5013612078788884,0.4050809837470525
False,0.5975770116962014,0.5013774244843059
