,True,False
True,0.5014149344239626,0.8233384729601289
False,0.17841750919866062,0.501300461475106
