,True,False
True,0.5013612078788884,0.4767398024109441
False,0.525993019881827,0.5013774244843059
