,True,False
True,1.0,0.8609856817750143
False,0.8609856817750143,1.0
