,True,False
True,1.0,0.5490631124522616
False,0.5490631124522616,1.0
