,True,False
True,0.5032706773255304,0.9285252734476845
False,0.07254106492313502,0.5008141488367257
