,True,False
True,0.5013612078788884,0.5780068386577872
False,0.4246502591113353,0.5013465717117018
