,linear,poly,rbf,sigmoid,precomputed
linear,0.5012581026825559,0.7759158356971123,0.9999999424476743,0.5785859082163518,
poly,0.22595647843704358,0.5012365677885028,0.9999998350263458,0.28419921333161313,
rbf,5.952785386239416e-08,1.7042556445906706e-07,0.5012258212360251,1.712340707713096e-07,
sigmoid,0.42387788118773206,0.7179106271041154,0.9999998342516426,0.5012533309571731,
precomputed,,0.0,0.0,0.0,0.0
