,True,False
True,0.5012258212360251,0.5367222444809923
False,0.46571965519294706,0.5012258212360251
