,True,False
True,0.501300461475106,0.3658135784988613
False,0.6366645101098285,0.501333298708786
