,True,False
True,0.5012262653770049,0.9705991487920169
False,0.029814440838843707,0.5012258212360251
