,True,False
True,0.5008877859465747,0.9088087199421669
False,0.09189187494659318,0.5008139167321601
