,fmcd,ogk,olivehawkins
fmcd,0.5019834644971648,0.0017719490040805357,0.0017719490040805357
ogk,0.9983034079384954,1.0,1.0
olivehawkins,0.9983034079384954,1.0,1.0
