,True,False
True,0.50081390990856,0.5390026200015934
False,0.46261762078210156,0.5008139235559318
