,True,False
True,0.5012257978735501,0.5719198644964393
False,0.43049284088750717,0.5012258212360251
