,True,False
True,0.50081390990856,0.5959055196690395
False,0.4056757001413718,0.50081390990856
