,True,False
True,0.5013465717117018,0.4463031417713879
False,0.5563641927408027,0.5013465717117018
