,True,False
True,0.5008140464131781,0.960500252946512
False,0.03984902209701981,0.50081390990856
