,True,False
True,0.5008139167321601,0.5089517010023404
False,0.49267567779778343,0.5008139235559318
