,True,False
True,0.5012266397651411,0.6277068281325996
False,0.3746210028175051,0.5012260315584278
