,True,False
True,0.5029502691915858,0.44549560459692744
False,0.5575119081521452,0.5008494700781363
