,True,False
True,0.5012266397651411,0.475469758153812
False,0.5269796931134605,0.5012286109443814
