Filename,DefaultARI,DefaultF1_sk,DefaultF1_mat,UninformedARI,UninformedF1_sk,UninformedF1_mat,InformedARI,InformedF1_sk,InformedF1_mat
annthyroid,0.32896445654873524,0.4502392344497608,0.39292893407556323,0.7184431231358469,0.53596757852077,0.4480088495575221,0.4534149380134507,0.620414673046252,0.4425965229612726
