Filename,DefaultARI,DefaultF1_r,DefaultF1_mat,DefaultF1_sk,UninformedARI,UninformedF1_r,UninformedF1_mat,UninformedF1_sk,InformedARI,InformedF1_r,InformedF1_mat,InformedF1_sk
CastMetal1,0.8443163979205188,0.20834064969271288,0.2456576576576576,0.2696573943351863,0.8976602350820584,0.20588235294117646,0.2666666666666666,0.2435099978469187,0.6435449889523154,0.2979071537290715,0.29866666666666664,0.3025687719852034
