Parameter,Friedman,Max_F1,Min_F1_Range,Max_ARI
n_estimators,0.0003240080403332239,64,512,512
max_samples,0.09539462561362207,auto,auto,auto
bootstrap,0.17244916443921152,False,True,True
n_jobs,0.23110524441760907,None,1,1
max_features,0.4306730891148692,0.7,0.5,0.2
warm_start,0.15172733913342085,False,False,False
