,Parameter,GeoMean,Min,Rank
0,n_estimators,0.07966176930491553,3.3779018196060916e-19,1.0
1,max_samples,0.3856363554764104,0.00036984818243643677,2.0
2,max_features,0.49906602164318103,0.03967607665929262,3.0
3,bootstrap,0.7601494893629128,0.5490631124522616,4.0
4,n_jobs,0.9492361673006582,0.8997608179564798,6.0
5,warm_start,0.9292411367037632,0.8609856817750143,5.0
